{
    "ID": 2,
    "PATH": [[17.447477, 78.353199], [17.446838, 78.352848], [17.445664, 78.352273]],
    "SPEED": 0.01,
    "PIN": "500030"
}