{
    "ID": 1,
    "PATH": [[17.446074, 78.351446], [17.445470, 78.352138], [17.445004, 78.352728], [17.444730, 78.352233], [17.444362, 78.351598], [17.444101, 78.351162], [17.443473, 78.350766], [17.442615, 78.350221]],
    "SPEED": 0.001
}