{
    "ID": 2,
    "PATH": [[17.446074, 78.351446], [17.445470, 78.352138], [17.445004, 78.352728], [17.444508, 78.353362], [17.443917, 78.349986]],
    "SPEED": 0.001
}