{
    "ID": 1,
    "PATH": [[17.445664, 78.352273], [17.446838, 78.352848], [17.447477, 78.353199]],
    "SPEED": 0.02,
    "PIN": "500030"
}