{
    "ID": 5,
    "PATH": [[17.465229, 78.372781], [17.464915, 78.373850], [
        17.463911, 78.373521]],
    "SPEED": 0.01,
    "PIN": "500033"
}