{
    "ID": 2,
    "PATH": [[17.446199, 78.351350], [18.445012, 78.352713], [17.444062, 78.351347]],
    "SPEED": 0.01
}