{
    "ID": 4,
    "PATH": [[17.445653, 78.354907], [17.446752, 78.352942], [17.445976, 78.352594]],
    "SPEED": 0.01,
    "PIN": "500030"
}