{
    "ID": 4,
    "PATH": [[17.445662, 78.351041], [17.445930, 78.351300], [17.446139, 78.351500], [17.445828, 78.351799], [17.445601, 78.352079], [17.445533, 78.352159], [17.445958, 78.352399], [17.446365, 78.352621]],
    "SPEED": 0.001
}