{
    "ID": 4,
    "PATH": [[17.446075, 78.351448], [17.445471, 78.352183], [17.445004, 78.352728], [17.444508, 78.353362], [17.443917, 78.349986]],
    "SPEED": 0.001
}