{
    "ID": 3,
    "PATH": [[17.464316, 78.375725], [
        17.465141, 78.372765]],
    "SPEED": 0.01,
    "PIN": "500033"
}